<org.guvnor.common.services.shared.metadata.model.Categories>
  <children>
    <org.guvnor.common.services.shared.metadata.model.CategoryItem>
      <parent class="org.guvnor.common.services.shared.metadata.model.Categories" reference="../../.."/>
      <children>
        <org.guvnor.common.services.shared.metadata.model.CategoryItem>
          <parent reference="../../.."/>
          <children/>
          <name>Eligibility rules</name>
          <description></description>
        </org.guvnor.common.services.shared.metadata.model.CategoryItem>
        <org.guvnor.common.services.shared.metadata.model.CategoryItem>
          <parent reference="../../.."/>
          <children/>
          <name>Pricing rules</name>
          <description></description>
        </org.guvnor.common.services.shared.metadata.model.CategoryItem>
        <org.guvnor.common.services.shared.metadata.model.CategoryItem>
          <parent reference="../../.."/>
          <children/>
          <name>Test scenarios</name>
          <description></description>
        </org.guvnor.common.services.shared.metadata.model.CategoryItem>
        <org.guvnor.common.services.shared.metadata.model.CategoryItem>
          <parent reference="../../.."/>
          <children/>
          <name>Technical</name>
          <description></description>
        </org.guvnor.common.services.shared.metadata.model.CategoryItem>
      </children>
      <name>Home Mortgage</name>
      <description></description>
    </org.guvnor.common.services.shared.metadata.model.CategoryItem>
    <org.guvnor.common.services.shared.metadata.model.CategoryItem>
      <parent class="org.guvnor.common.services.shared.metadata.model.Categories" reference="../../.."/>
      <children/>
      <name>Commercial Mortgage</name>
      <description></description>
    </org.guvnor.common.services.shared.metadata.model.CategoryItem>
    <org.guvnor.common.services.shared.metadata.model.CategoryItem>
      <parent class="org.guvnor.common.services.shared.metadata.model.Categories" reference="../../.."/>
      <children>
        <org.guvnor.common.services.shared.metadata.model.CategoryItem>
          <parent reference="../../.."/>
          <children/>
          <name>lineTotal</name>
          <description></description>
        </org.guvnor.common.services.shared.metadata.model.CategoryItem>
        <org.guvnor.common.services.shared.metadata.model.CategoryItem>
          <parent reference="../../.."/>
          <children/>
          <name>reduction</name>
          <description></description>
        </org.guvnor.common.services.shared.metadata.model.CategoryItem>
        <org.guvnor.common.services.shared.metadata.model.CategoryItem>
          <parent reference="../../.."/>
          <children/>
          <name>ticketTotal</name>
          <description></description>
        </org.guvnor.common.services.shared.metadata.model.CategoryItem>
      </children>
      <name>loyalty</name>
      <description></description>
    </org.guvnor.common.services.shared.metadata.model.CategoryItem>
    <org.guvnor.common.services.shared.metadata.model.CategoryItem>
      <parent class="org.guvnor.common.services.shared.metadata.model.Categories" reference="../../.."/>
      <children>
        <org.guvnor.common.services.shared.metadata.model.CategoryItem>
          <parent reference="../../.."/>
          <children/>
          <name>init</name>
          <description></description>
        </org.guvnor.common.services.shared.metadata.model.CategoryItem>
        <org.guvnor.common.services.shared.metadata.model.CategoryItem>
          <parent reference="../../.."/>
          <children/>
          <name>standard</name>
          <description></description>
        </org.guvnor.common.services.shared.metadata.model.CategoryItem>
        <org.guvnor.common.services.shared.metadata.model.CategoryItem>
          <parent reference="../../.."/>
          <children/>
          <name>promotion</name>
          <description></description>
        </org.guvnor.common.services.shared.metadata.model.CategoryItem>
        <org.guvnor.common.services.shared.metadata.model.CategoryItem>
          <parent reference="../../.."/>
          <children/>
          <name>reduction</name>
          <description></description>
        </org.guvnor.common.services.shared.metadata.model.CategoryItem>
        <org.guvnor.common.services.shared.metadata.model.CategoryItem>
          <parent reference="../../.."/>
          <children/>
          <name>sumarize</name>
          <description></description>
        </org.guvnor.common.services.shared.metadata.model.CategoryItem>
      </children>
      <name>swimmingpool</name>
      <description></description>
    </org.guvnor.common.services.shared.metadata.model.CategoryItem>
  </children>
</org.guvnor.common.services.shared.metadata.model.Categories>